web-scraper-order,web-scraper-start-url,champ-wrapper,champ-wrapper-href,name,release-date,class,legacy,range-type,resource,adaptive-type,health18,health1,armor18,armor1,mr18,mr1,movement-speed,range,aram-dmg-dealt-prc,aram-dmg-taken-prc,aram-healing-prc,aram-shielding-prc,aram-ability-haste,aram-tenacity-prc,image-full-src
"1707215295-1","https://leagueoflegends.fandom.com/wiki/Champion#References","","https://leagueoflegends.fandom.com/wiki/Zyra/LoL","Zyra","2012-07-24","Catcher","Mage
 Support","Ranged","Mana","Magic","2155","574","100.4","29","52.1","30","340","575","-10","+5","","","-20","","https://static.wikia.nocookie.net/leagueoflegends/images/f/fd/Zyra_OriginalSkin.jpg/revision/latest?cb=20181021022022"
"1707215297-2","https://leagueoflegends.fandom.com/wiki/Champion#References","","https://leagueoflegends.fandom.com/wiki/Zoe/LoL","Zoe","2017-11-21","Burst","Mage
 Support","Ranged","Mana","Magic","2432","630","100.9","21","52.1","30","340","550","+10","-5","","","","","https://static.wikia.nocookie.net/leagueoflegends/images/5/57/Zoe_OriginalSkin.jpg/revision/latest?cb=20181021025332"
"1707215299-3","https://leagueoflegends.fandom.com/wiki/Champion#References","","https://leagueoflegends.fandom.com/wiki/Zilean/LoL","Zilean","2009-04-18","Specialist","Support
 Mage","Ranged","Mana","Magic","2206","574","109","24","52.1","30","335","550","+5","-5","","","+10","","https://static.wikia.nocookie.net/leagueoflegends/images/b/b1/Zilean_OriginalSkin.jpg/revision/latest?cb=20181021040707"
"1707215301-4","https://leagueoflegends.fandom.com/wiki/Champion#References","","https://leagueoflegends.fandom.com/wiki/Ziggs/LoL","Ziggs","2012-02-01","Artillery","Mage","Ranged","Mana","Magic","2408","606","94.5","18","52.1","30","325","550","-20","+20","","","-20","","https://static.wikia.nocookie.net/leagueoflegends/images/9/93/Ziggs_OriginalSkin.jpg/revision/latest?cb=20181021104706"
"1707215304-5","https://leagueoflegends.fandom.com/wiki/Champion#References","","https://leagueoflegends.fandom.com/wiki/Zeri/LoL","Zeri","2022-01-20","Marksman","Marksman","Ranged","Mana","Physical","2500","630","95.4","24","52.1","30","330","500","+10","-10","","","","","https://static.wikia.nocookie.net/leagueoflegends/images/6/6f/Zeri_OriginalSkin.jpg/revision/latest?cb=20220125163450"
"1707215306-6","https://leagueoflegends.fandom.com/wiki/Champion#References","","https://leagueoflegends.fandom.com/wiki/Zed/LoL","Zed","2012-11-13","Assassin","Assassin","Melee","Energy","Physical","2337","654","111.9","32","63.85","29","345","125","+0","-5","","","","+20","https://static.wikia.nocookie.net/leagueoflegends/images/b/b4/Zed_OriginalSkin.jpg/revision/latest?cb=20181021050416"
"1707215308-7","https://leagueoflegends.fandom.com/wiki/Champion#References","","https://leagueoflegends.fandom.com/wiki/Zac/LoL","Zac","2013-03-29","Vanguard","Tank
 Fighter","Melee","Health costs","Magic","2538","685","112.9","33","66.85","32","340","175","+0","-4","+20","","","","https://static.wikia.nocookie.net/leagueoflegends/images/f/f8/Zac_OriginalSkin.jpg/revision/latest?cb=20181021104725"
"1707215310-8","https://leagueoflegends.fandom.com/wiki/Champion#References","","https://leagueoflegends.fandom.com/wiki/Yuumi/LoL","Yuumi","2019-05-14","Enchanter","Support
 Mage","Ranged","Mana","Magic","1673","500","96.4","25","43.7","25","330","425","+5","+0","+10","","","","https://static.wikia.nocookie.net/leagueoflegends/images/9/9b/Yuumi_OriginalSkin.jpg/revision/latest?cb=20190430193606"
"1707215316-9","https://leagueoflegends.fandom.com/wiki/Champion#References","","https://leagueoflegends.fandom.com/wiki/Yorick/LoL","Yorick","2011-06-22","Juggernaut","Fighter
 Tank","Melee","Mana","Physical","2588","650","127.4","39","66.85","32","340","175","+0","+0","","","","","https://static.wikia.nocookie.net/leagueoflegends/images/d/d3/Yorick_OriginalSkin.jpg/revision/latest?cb=20181021101837"
"1707215318-10","https://leagueoflegends.fandom.com/wiki/Champion#References","","https://leagueoflegends.fandom.com/wiki/Yone/LoL","Yone","2020-08-06","Assassin
 Skirmisher","Assassin
 Fighter","Melee","Manaless ( Soul Unbound)","Physical","2405","620","108.2","30","66.85","32","345","175","+5","-3","","","","","https://static.wikia.nocookie.net/leagueoflegends/images/9/95/Yone_OriginalSkin.jpg/revision/latest?cb=20210923014252"
"1707215320-11","https://leagueoflegends.fandom.com/wiki/Champion#References","","https://leagueoflegends.fandom.com/wiki/Yasuo/LoL","Yasuo","2013-12-13","Skirmisher","Fighter
 Assassin","Melee","Flow","Physical","2460","590","108.2","30","66.85","32","345","175","+0","+0","","","","","https://static.wikia.nocookie.net/leagueoflegends/images/3/39/Yasuo_OriginalSkin.jpg/revision/latest?cb=20181021032917"
"1707215322-12","https://leagueoflegends.fandom.com/wiki/Champion#References","","https://leagueoflegends.fandom.com/wiki/Xin_Zhao/LoL","Xin Zhao","2010-07-13","Diver","Fighter
 Assassin","Melee","Mana","Physical","2442","640","114.9","35","66.85","32","345","175","+0","+0","","","","","https://static.wikia.nocookie.net/leagueoflegends/images/7/75/Xin_Zhao_OriginalSkin.jpg/revision/latest?cb=20181021035636"
"1707215325-13","https://leagueoflegends.fandom.com/wiki/Champion#References","","https://leagueoflegends.fandom.com/wiki/Xerath/LoL","Xerath","2011-10-05","Artillery","Mage","Ranged","Mana","Magic","2398","596","101.9","22","52.1","30","340","525","-10","+0","","","","","https://static.wikia.nocookie.net/leagueoflegends/images/a/a0/Xerath_OriginalSkin.jpg/revision/latest?cb=20181021030751"
"1707215327-14","https://leagueoflegends.fandom.com/wiki/Champion#References","","https://leagueoflegends.fandom.com/wiki/Xayah/LoL","Xayah","2017-04-19","Marksman","Marksman","Ranged","Mana","Physical","2449","630","96.4","25","52.1","30","330","525","+5","+0","","","","","https://static.wikia.nocookie.net/leagueoflegends/images/5/5e/Xayah_OriginalSkin.jpg/revision/latest?cb=20181021020058"
"1707215329-15","https://leagueoflegends.fandom.com/wiki/Champion#References","","https://leagueoflegends.fandom.com/wiki/Wukong/LoL","Wukong","2011-07-26","Diver","Fighter
 Tank","Melee","Mana","Physical","2293","610","110.9","31","62.85","28","340","175","+0","+0","","","","","https://static.wikia.nocookie.net/leagueoflegends/images/4/48/Wukong_OriginalSkin.jpg/revision/latest?cb=20181021060656"
"1707215331-16","https://leagueoflegends.fandom.com/wiki/Champion#References","","https://leagueoflegends.fandom.com/wiki/Warwick/LoL","Warwick","2009-02-21","Diver","Fighter
 Tank","Melee","Mana","Physical","2303","620","107.8","33","66.85","32","335","125","+5","-5","+5","","","","https://static.wikia.nocookie.net/leagueoflegends/images/6/6c/Warwick_OriginalSkin.jpg/revision/latest?cb=20181021055054"
"1707215333-17","https://leagueoflegends.fandom.com/wiki/Champion#References","","https://leagueoflegends.fandom.com/wiki/Volibear/LoL","Volibear","2011-11-29","Juggernaut","Fighter
 Tank","Melee","Mana","Physical","2418","650","119.4","31","66.85","32","340","150","+0","+0","","","","","https://static.wikia.nocookie.net/leagueoflegends/images/b/ba/Volibear_OriginalSkin.jpg/revision/latest?cb=20200512191208"
"1707215335-18","https://leagueoflegends.fandom.com/wiki/Champion#References","","https://leagueoflegends.fandom.com/wiki/Vladimir/LoL","Vladimir","2010-07-27","Battlemage","Mage","Ranged","Bloodthirst","Magic","2477","607","103.5","27","52.1","30","330","450","-5","+0","-10","","","","https://static.wikia.nocookie.net/leagueoflegends/images/a/a3/Vladimir_OriginalSkin.jpg/revision/latest?cb=20181021074658"
"1707215337-19","https://leagueoflegends.fandom.com/wiki/Champion#References","","https://leagueoflegends.fandom.com/wiki/Viktor/LoL","Viktor","2011-12-29","Battlemage","Mage","Ranged","Mana","Magic","2368","600","111.4","23","52.1","30","335","525","-5","+5","","","","","https://static.wikia.nocookie.net/leagueoflegends/images/e/e8/Viktor_OriginalSkin.jpg/revision/latest?cb=20181021083052"
"1707215339-20","https://leagueoflegends.fandom.com/wiki/Champion#References","","https://leagueoflegends.fandom.com/wiki/Viego/LoL","Viego","2021-01-21","Skirmisher","Assassin
 Fighter","Melee","Manaless","Physical","2483","630","122.4","34","66.85","32","345","200","+5","-5","","","","","https://static.wikia.nocookie.net/leagueoflegends/images/6/6e/Viego_OriginalSkin.jpg/revision/latest?cb=20210923010438"
"1707215341-21","https://leagueoflegends.fandom.com/wiki/Champion#References","","https://leagueoflegends.fandom.com/wiki/Vi/LoL","Vi","2012-12-19","Diver","Fighter
 Assassin","Melee","Mana","Physical","2338","655","109.9","30","66.85","32","340","125","+5","-5","","","+10","","https://static.wikia.nocookie.net/leagueoflegends/images/a/a0/Vi_OriginalSkin.jpg/revision/latest?cb=20181021024832"
"1707215344-22","https://leagueoflegends.fandom.com/wiki/Champion#References","","https://leagueoflegends.fandom.com/wiki/Vex/LoL","Vex","2021-09-23","Burst","Mage","Ranged","Mana","Magic","2358","590","98.65","23","50.1","28","335","550","-5","+0","","","","","https://static.wikia.nocookie.net/leagueoflegends/images/c/cf/Vex_OriginalSkin.jpg/revision/latest?cb=20210923014105"
"1707215346-23","https://leagueoflegends.fandom.com/wiki/Champion#References","","https://leagueoflegends.fandom.com/wiki/Vel%27Koz/LoL","Vel'Koz","2014-02-27","Artillery","Mage","Ranged","Mana","Magic","2324","590","101.9","22","52.1","30","340","525","-5","+5","","","","","https://static.wikia.nocookie.net/leagueoflegends/images/5/5f/Vel%27Koz_OriginalSkin.jpg/revision/latest?cb=20181021105217"
"1707215348-24","https://leagueoflegends.fandom.com/wiki/Champion#References","","https://leagueoflegends.fandom.com/wiki/Veigar/LoL","Veigar","2009-07-24","Burst","Mage","Ranged","Mana","Magic","2416","580","106.4","18","54.1","32","340","550","-10","+10","","","","","https://static.wikia.nocookie.net/leagueoflegends/images/8/89/Veigar_OriginalSkin.jpg/revision/latest?cb=20181021053947"
"1707215350-25","https://leagueoflegends.fandom.com/wiki/Champion#References","","https://leagueoflegends.fandom.com/wiki/Vayne/LoL","Vayne","2011-05-10","Marksman","Marksman
 Assassin","Ranged","Mana","Physical","2301","550","101.2","23","52.1","30","330","550","+5","-5","","","","","https://static.wikia.nocookie.net/leagueoflegends/images/2/22/Vayne_OriginalSkin.jpg/revision/latest?cb=20181021045111"
"1707215352-26","https://leagueoflegends.fandom.com/wiki/Champion#References","","https://leagueoflegends.fandom.com/wiki/Varus/LoL","Varus","2012-05-08","Marksman
 Artillery","Marksman
 Mage","Ranged","Mana","Physical","2385","600","105.2","27","52.1","30","330","575","-5","+5","","","","","https://static.wikia.nocookie.net/leagueoflegends/images/1/16/Varus_OriginalSkin.jpg/revision/latest?cb=20181021095954"
"1707215354-27","https://leagueoflegends.fandom.com/wiki/Champion#References","","https://leagueoflegends.fandom.com/wiki/Urgot/LoL","Urgot","2010-08-24","Juggernaut","Fighter
 Tank","Ranged","Mana","Physical","2389","655","128.65","36","66.85","32","330","350","+0","+10","","","","","https://static.wikia.nocookie.net/leagueoflegends/images/a/aa/Urgot_OriginalSkin.jpg/revision/latest?cb=20181021122432"
"1707215356-28","https://leagueoflegends.fandom.com/wiki/Champion#References","","https://leagueoflegends.fandom.com/wiki/Udyr/LoL","Udyr","2009-12-02","Juggernaut","Fighter
 Tank","Melee","Mana","Physical","2228","664","110.9","31","66.85","32","350","125","+0","+0","","","","+20","https://static.wikia.nocookie.net/leagueoflegends/images/5/5b/Udyr_OriginalSkin.jpg/revision/latest?cb=20220809214324"
"1707215358-29","https://leagueoflegends.fandom.com/wiki/Champion#References","","https://leagueoflegends.fandom.com/wiki/Twitch/LoL","Twitch","2009-05-01","Marksman","Marksman
 Assassin","Ranged","Mana","Physical","2382","682","98.4","27","52.1","30","330","550","+0","-5","","","","","https://static.wikia.nocookie.net/leagueoflegends/images/9/9a/Twitch_OriginalSkin.jpg/revision/latest?cb=20181021104758"
"1707215361-30","https://leagueoflegends.fandom.com/wiki/Champion#References","","https://leagueoflegends.fandom.com/wiki/Twisted_Fate/LoL","Twisted Fate","2009-02-21","Burst","Mage","Ranged","Mana","Magic","2440","604","94.95","21","52.1","30","330","525","+0","+0","","","","","https://static.wikia.nocookie.net/leagueoflegends/images/f/ff/Twisted_Fate_OriginalSkin.jpg/revision/latest?cb=20181021192225"
"1707215363-31","https://leagueoflegends.fandom.com/wiki/Champion#References","","https://leagueoflegends.fandom.com/wiki/Tryndamere/LoL","Tryndamere","2009-05-01","Skirmisher","Fighter
 Assassin","Melee","Fury","Physical","2532","696","106.1","33","66.85","32","345","175","+10","-10","+35","","","","https://static.wikia.nocookie.net/leagueoflegends/images/b/b5/Tryndamere_OriginalSkin.jpg/revision/latest?cb=20181021031023"
"1707215365-32","https://leagueoflegends.fandom.com/wiki/Champion#References","","https://leagueoflegends.fandom.com/wiki/Trundle/LoL","Trundle","2010-12-01","Juggernaut","Fighter
 Tank","Melee","Mana","Physical","2556","686","103.3","37","66.85","32","350","175","+0","+5","+0","","","","https://static.wikia.nocookie.net/leagueoflegends/images/d/d4/Trundle_OriginalSkin.jpg/revision/latest?cb=20181021091357"
"1707215367-33","https://leagueoflegends.fandom.com/wiki/Champion#References","","https://leagueoflegends.fandom.com/wiki/Tristana/LoL","Tristana","2009-02-21","Marksman","Marksman
 Assassin","Ranged","Mana","Physical","2374","640","106.5","30","50.1","28","325","525","+5","-5","","","","","https://static.wikia.nocookie.net/leagueoflegends/images/2/29/Tristana_OriginalSkin.jpg/revision/latest?cb=20181021102036"
"1707215369-34","https://leagueoflegends.fandom.com/wiki/Champion#References","","https://leagueoflegends.fandom.com/wiki/Thresh/LoL","Thresh","2013-01-23","Catcher","Support
 Fighter","Ranged","Mana","Physical","2640","600","28","28","52.1","30","330","450","+0","+0","","","","","https://static.wikia.nocookie.net/leagueoflegends/images/f/f3/Thresh_OriginalSkin.jpg/revision/latest?cb=20181021053334"
"1707215371-35","https://leagueoflegends.fandom.com/wiki/Champion#References","","https://leagueoflegends.fandom.com/wiki/Teemo/LoL","Teemo","2009-02-21","Specialist","Marksman
 Assassin","Ranged","Mana","Physical","2366","598","108.15","24","52.1","30","330","500","-15","+10","","","-20","","https://static.wikia.nocookie.net/leagueoflegends/images/3/3b/Teemo_OriginalSkin.jpg/revision/latest?cb=20181021055924"
"1707215376-36","https://leagueoflegends.fandom.com/wiki/Champion#References","","https://leagueoflegends.fandom.com/wiki/Taric/LoL","Taric","2009-08-19","Enchanter
 Warden","Support
 Fighter","Melee","Mana","Physical","2328","645","113.1","40","62.85","28","340","150","+0","+5","","","","","https://static.wikia.nocookie.net/leagueoflegends/images/d/d4/Taric_OriginalSkin.jpg/revision/latest?cb=20181021071059"
"1707215378-37","https://leagueoflegends.fandom.com/wiki/Champion#References","","https://leagueoflegends.fandom.com/wiki/Talon/LoL","Talon","2011-08-24","Assassin","Assassin","Melee","Mana","Physical","2511","658","109.9","30","73.85","39","335","125","+5","-5","","","","+20","https://static.wikia.nocookie.net/leagueoflegends/images/8/83/Talon_OriginalSkin.jpg/revision/latest?cb=20181021101417"
"1707215383-38","https://leagueoflegends.fandom.com/wiki/Champion#References","","https://leagueoflegends.fandom.com/wiki/Taliyah/LoL","Taliyah","2016-05-18","Battlemage","Mage
 Support","Ranged","Mana","Magic","2318","550","97.9","18","52.1","30","330","525","+0","+0","","","","","https://static.wikia.nocookie.net/leagueoflegends/images/9/9d/Taliyah_OriginalSkin.jpg/revision/latest?cb=20181021080218"
"1707215386-39","https://leagueoflegends.fandom.com/wiki/Champion#References","","https://leagueoflegends.fandom.com/wiki/Tahm_Kench/LoL","Tahm Kench","2015-07-09","Warden","Support
 Tank","Melee","Mana","Magic","2391","640","121.9","42","66.85","32","335","175","+0","+0","","","","","https://static.wikia.nocookie.net/leagueoflegends/images/1/17/Tahm_Kench_OriginalSkin.jpg/revision/latest?cb=20181021105930"
"1707215388-40","https://leagueoflegends.fandom.com/wiki/Champion#References","","https://leagueoflegends.fandom.com/wiki/Syndra/LoL","Syndra","2012-09-13","Burst","Mage","Ranged","Mana","Magic","2331","563","103.2","25","52.1","30","330","550","+5","+0","","","","","https://static.wikia.nocookie.net/leagueoflegends/images/8/8c/Syndra_OriginalSkin.jpg/revision/latest?cb=20231124192221"
"1707215390-41","https://leagueoflegends.fandom.com/wiki/Champion#References","","https://leagueoflegends.fandom.com/wiki/Sylas/LoL","Sylas","2019-01-25","Burst
 Skirmisher","Mage
 Assassin","Melee","Mana","Magic","2768","575","115.4","27","75.35","32","340","175","+5","+0","","","","","https://static.wikia.nocookie.net/leagueoflegends/images/9/98/Sylas_OriginalSkin.jpg/revision/latest?cb=20190108215838"
"1707215392-42","https://leagueoflegends.fandom.com/wiki/Champion#References","","https://leagueoflegends.fandom.com/wiki/Swain/LoL","Swain","2010-10-05","Battlemage","Mage
 Fighter","Ranged","Mana","Magic","2278","595","114.4","26","52.1","30","330","525","-10","+15","-20","","","","https://static.wikia.nocookie.net/leagueoflegends/images/d/d1/Swain_OriginalSkin.jpg/revision/latest?cb=20181021110155"
"1707215394-43","https://leagueoflegends.fandom.com/wiki/Champion#References","","https://leagueoflegends.fandom.com/wiki/Soraka/LoL","Soraka","2009-02-21","Enchanter","Support
 Mage","Ranged","Mana","Magic","2101","605","117","32","52.1","30","325","550","+0","+0","","","","","https://static.wikia.nocookie.net/leagueoflegends/images/6/66/Soraka_OriginalSkin.jpg/revision/latest?cb=20181021094844"
"1707215396-44","https://leagueoflegends.fandom.com/wiki/Champion#References","","https://leagueoflegends.fandom.com/wiki/Sona/LoL","Sona","2010-09-21","Enchanter","Support
 Mage","Ranged","Mana","Magic","2097","550","97.4","26","52.1","30","325","550","-5","+10","-15","-15","-20","","https://static.wikia.nocookie.net/leagueoflegends/images/9/9e/Sona_OriginalSkin.jpg/revision/latest?cb=20181021014549"
"1707215398-45","https://leagueoflegends.fandom.com/wiki/Champion#References","","https://leagueoflegends.fandom.com/wiki/Smolder/LoL","Smolder","2024-01-31","Marksman","Marksman
 Mage","Ranged","Mana","Physical","2275","575","103.9","24","52.1","30","330","550","+0","+0","","","","","https://static.wikia.nocookie.net/leagueoflegends/images/d/de/Smolder_OriginalSkin.jpg/revision/latest?cb=20240111191325"
"1707215400-46","https://leagueoflegends.fandom.com/wiki/Champion#References","","https://leagueoflegends.fandom.com/wiki/Skarner/LoL","Skarner","2011-08-09","Diver","Fighter
 Tank","Melee","Mana","Physical","2333","650","123","38","66.85","32","335","125","+0","+0","","","","","https://static.wikia.nocookie.net/leagueoflegends/images/5/56/Skarner_OriginalSkin.jpg/revision/latest?cb=20181021041751"
"1707215402-47","https://leagueoflegends.fandom.com/wiki/Champion#References","","https://leagueoflegends.fandom.com/wiki/Sivir/LoL","Sivir","2009-02-21","Marksman","Marksman","Ranged","Mana","Physical","2368","600","101.65","26","52.1","30","335","500","-15","+5","","","","","https://static.wikia.nocookie.net/leagueoflegends/images/c/c5/Sivir_OriginalSkin.jpg/revision/latest?cb=20230811231739"
"1707215404-48","https://leagueoflegends.fandom.com/wiki/Champion#References","","https://leagueoflegends.fandom.com/wiki/Sion/LoL","Sion","2009-02-21","Vanguard","Tank
 Fighter","Melee","Mana","Physical","2134","655","103.4","32","66.85","32","345","175","-10","+10","","-20","-20","-20","https://static.wikia.nocookie.net/leagueoflegends/images/6/64/Sion_OriginalSkin.jpg/revision/latest?cb=20181021201219"
"1707215407-49","https://leagueoflegends.fandom.com/wiki/Champion#References","","https://leagueoflegends.fandom.com/wiki/Singed/LoL","Singed","2009-04-18","Specialist","Tank
 Fighter","Melee","Mana","Magic","2333","650","113.9","34","66.85","32","345","125","-10","+10","","","","","https://static.wikia.nocookie.net/leagueoflegends/images/7/77/Singed_OriginalSkin.jpg/revision/latest?cb=20181021054534"
"1707215409-50","https://leagueoflegends.fandom.com/wiki/Champion#References","","https://leagueoflegends.fandom.com/wiki/Shyvana/LoL","Shyvana","2011-11-01","Juggernaut","Fighter
 Tank","Melee","Fury","Physical","2433","665","115.35","38","66.85","32","350","125","-5","-5","","","","","https://static.wikia.nocookie.net/leagueoflegends/images/2/2b/Shyvana_OriginalSkin.jpg/revision/latest?cb=20181021082209"
"1707215411-51","https://leagueoflegends.fandom.com/wiki/Champion#References","","https://leagueoflegends.fandom.com/wiki/Shen/LoL","Shen","2010-03-24","Warden","Tank","Melee","Energy","Physical","2293","610","105.4","34","66.85","32","340","125","+0","+5","","","","","https://static.wikia.nocookie.net/leagueoflegends/images/b/b9/Shen_OriginalSkin.jpg/revision/latest?cb=20181021100040"
"1707215413-52","https://leagueoflegends.fandom.com/wiki/Champion#References","","https://leagueoflegends.fandom.com/wiki/Shaco/LoL","Shaco","2009-10-10","Assassin","Assassin","Melee","Mana","Physical","2313","630","98","30","66.85","32","345","125","+5","+0","","","","","https://static.wikia.nocookie.net/leagueoflegends/images/a/af/Shaco_OriginalSkin.jpg/revision/latest?cb=20181021200810"
"1707215415-53","https://leagueoflegends.fandom.com/wiki/Champion#References","","https://leagueoflegends.fandom.com/wiki/Sett/LoL","Sett","2020-01-14","Juggernaut","Fighter
 Tank","Melee","Grit","Physical","2608","670","121.4","33","62.85","28","340","125","-10","+10","-10","-10","-20","","https://static.wikia.nocookie.net/leagueoflegends/images/e/e3/Sett_OriginalSkin.jpg/revision/latest?cb=20191212011104"
"1707215417-54","https://leagueoflegends.fandom.com/wiki/Champion#References","","https://leagueoflegends.fandom.com/wiki/Seraphine/LoL","Seraphine","2020-10-29","Burst
 Enchanter","Mage
 Support","Ranged","Mana","Magic","2100","570","97.4","26","52.1","30","325","525","-15","+20","-20","-20","-20","","https://static.wikia.nocookie.net/leagueoflegends/images/3/3f/Seraphine_OriginalSkin.jpg/revision/latest?cb=20201014003642"
"1707215419-55","https://leagueoflegends.fandom.com/wiki/Champion#References","","https://leagueoflegends.fandom.com/wiki/Senna/LoL","Senna","2019-11-10","Marksman
 Enchanter","Marksman
 Support","Ranged","Mana","Physical","2043","530","107.9","28","52.1","30","330","600","-6","+5","","","","","https://static.wikia.nocookie.net/leagueoflegends/images/b/bc/Senna_OriginalSkin.jpg/revision/latest?cb=20210923010536"
"1707215422-56","https://leagueoflegends.fandom.com/wiki/Champion#References","","https://leagueoflegends.fandom.com/wiki/Sejuani/LoL","Sejuani","2012-01-17","Vanguard","Tank
 Fighter","Melee","Mana","Magic","2568","630","126.65","34","66.85","32","340","150","+5","-8","","","","","https://static.wikia.nocookie.net/leagueoflegends/images/c/cb/Sejuani_OriginalSkin.jpg/revision/latest?cb=20181021032725"
"1707215424-57","https://leagueoflegends.fandom.com/wiki/Champion#References","","https://leagueoflegends.fandom.com/wiki/Samira/LoL","Samira","2020-09-21","Marksman","Marksman","Ranged","Mana","Physical","2466","630","105.9","26","52.1","30","335","500","-5","+5","","","","","https://static.wikia.nocookie.net/leagueoflegends/images/2/2f/Samira_OriginalSkin.jpg/revision/latest?cb=20210923012448"
"1707215426-58","https://leagueoflegends.fandom.com/wiki/Champion#References","","https://leagueoflegends.fandom.com/wiki/Ryze/LoL","Ryze","2009-02-21","Battlemage","Mage
 Fighter","Ranged","Mana","Magic","2753","645","93.4","22","54.1","32","340","550","+5","-5","","","","","https://static.wikia.nocookie.net/leagueoflegends/images/c/ce/Ryze_OriginalSkin.jpg/revision/latest?cb=20181021102857"
"1707215428-59","https://leagueoflegends.fandom.com/wiki/Champion#References","","https://leagueoflegends.fandom.com/wiki/Rumble/LoL","Rumble","2011-04-26","Battlemage","Fighter
 Mage","Melee","Heat","Magic","2410","625","115.9","36","54.35","28","345","125","+0","+0","","","","","https://static.wikia.nocookie.net/leagueoflegends/images/3/36/Rumble_OriginalSkin.jpg/revision/latest?cb=20181021034038"
"1707215430-60","https://leagueoflegends.fandom.com/wiki/Champion#References","","https://leagueoflegends.fandom.com/wiki/Riven/LoL","Riven","2011-09-14","Skirmisher","Fighter
 Assassin","Melee","Manaless","Physical","2330","630","107.8","33","66.85","32","340","125","+5","-8","","+0","","","https://static.wikia.nocookie.net/leagueoflegends/images/8/81/Riven_OriginalSkin.jpg/revision/latest?cb=20181021014421"
"1707215432-61","https://leagueoflegends.fandom.com/wiki/Champion#References","","https://leagueoflegends.fandom.com/wiki/Rengar/LoL","Rengar","2012-08-21","Assassin
 Diver","Assassin
 Fighter","Melee","Ferocity","Physical","2388","620","105.4","34","66.85","32","345","125","+0","-8","","","","+20","https://static.wikia.nocookie.net/leagueoflegends/images/c/c9/Rengar_OriginalSkin.jpg/revision/latest?cb=20181021065446"
"1707215435-62","https://leagueoflegends.fandom.com/wiki/Champion#References","","https://leagueoflegends.fandom.com/wiki/Renekton/LoL","Renekton","2011-01-18","Diver","Fighter
 Tank","Melee","Fury","Physical","2547","660","123.4","35","62.85","28","345","125","+0","+0","+20","","","","https://static.wikia.nocookie.net/leagueoflegends/images/1/17/Renekton_OriginalSkin.jpg/revision/latest?cb=20181021055725"
"1707215437-63","https://leagueoflegends.fandom.com/wiki/Champion#References","","https://leagueoflegends.fandom.com/wiki/Renata_Glasc/LoL","Renata Glasc","2022-02-17","Enchanter","Support
 Mage","Ranged","Mana","Magic","2143","545","106.9","27","52.1","30","330","550","-5","+5","","-20","","","https://static.wikia.nocookie.net/leagueoflegends/images/0/08/Renata_Glasc_OriginalSkin.jpg/revision/latest?cb=20220202013638"
"1707215439-64","https://leagueoflegends.fandom.com/wiki/Champion#References","","https://leagueoflegends.fandom.com/wiki/Rell/LoL","Rell","2020-12-10","Vanguard","Tank
 Support","Melee","Mana","Magic","2378","610","107.4","36","61.45","30","330","175","-5","+5","-10","-10","","","https://static.wikia.nocookie.net/leagueoflegends/images/e/e9/Rell_OriginalSkin.jpg/revision/latest?cb=20201124040215"
"1707215441-65","https://leagueoflegends.fandom.com/wiki/Champion#References","","https://leagueoflegends.fandom.com/wiki/Rek%27Sai/LoL","Rek'Sai","2014-12-11","Diver","Fighter","Melee","Rage","Physical","2283","600","120.15","36","66.85","32","335","175","+5","-10","+20","","","+20","https://static.wikia.nocookie.net/leagueoflegends/images/7/71/Rek%27Sai_OriginalSkin.jpg/revision/latest?cb=20181021061755"
"1707215443-66","https://leagueoflegends.fandom.com/wiki/Champion#References","","https://leagueoflegends.fandom.com/wiki/Rammus/LoL","Rammus","2009-07-10","Vanguard","Tank
 Fighter","Melee","Mana","Physical","2273","675","133.5","40","66.85","32","335","125","+0","+0","","","","","https://static.wikia.nocookie.net/leagueoflegends/images/8/87/Rammus_OriginalSkin.jpg/revision/latest?cb=20181021073243"
"1707215445-67","https://leagueoflegends.fandom.com/wiki/Champion#References","","https://leagueoflegends.fandom.com/wiki/Rakan/LoL","Rakan","2017-04-19","Catcher","Support","Melee","Mana","Magic","2293","610","113.3","30","66.85","32","335","300","+0","+0","","","","","https://static.wikia.nocookie.net/leagueoflegends/images/0/0c/Rakan_OriginalSkin.jpg/revision/latest?cb=20181021015322"
"1707215447-68","https://leagueoflegends.fandom.com/wiki/Champion#References","","https://leagueoflegends.fandom.com/wiki/Quinn/LoL","Quinn","2013-03-01","Specialist","Marksman
 Assassin","Ranged","Mana","Physical","2384","565","107.9","28","52.1","30","330","525","+10","-10","","","","+20","https://static.wikia.nocookie.net/leagueoflegends/images/6/64/Quinn_OriginalSkin.jpg/revision/latest?cb=20181021100106"
"1707215449-69","https://leagueoflegends.fandom.com/wiki/Champion#References","","https://leagueoflegends.fandom.com/wiki/Qiyana/LoL","Qiyana","2019-06-28","Assassin","Assassin
 Fighter","Melee","Mana","Physical","2698","590","107.9","28","66.85","32","335","150","+10","-10","","","","+20","https://static.wikia.nocookie.net/leagueoflegends/images/0/0f/Qiyana_OriginalSkin.jpg/revision/latest?cb=20210923011602"
"1707215452-70","https://leagueoflegends.fandom.com/wiki/Champion#References","","https://leagueoflegends.fandom.com/wiki/Pyke/LoL","Pyke","2018-05-31","Assassin
 Catcher","Support
 Assassin","Melee","Mana","Physical","2540","670","124.9","45","66.85","32","330","150","+10","-5","","","","+20","https://static.wikia.nocookie.net/leagueoflegends/images/1/1b/Pyke_OriginalSkin.jpg/revision/latest?cb=20210923013910"
"1707215457-71","https://leagueoflegends.fandom.com/wiki/Champion#References","","https://leagueoflegends.fandom.com/wiki/Poppy/LoL","Poppy","2010-01-13","Warden","Tank
 Fighter","Melee","Mana","Physical","2378","610","117.9","38","66.85","32","345","125","+0","+0","","","","","https://static.wikia.nocookie.net/leagueoflegends/images/d/da/Poppy_OriginalSkin.jpg/revision/latest?cb=20181021070631"
"1707215459-72","https://leagueoflegends.fandom.com/wiki/Champion#References","","https://leagueoflegends.fandom.com/wiki/Pantheon/LoL","Pantheon","2010-02-02","Diver","Fighter
 Assassin","Melee","Mana","Physical","2503","650","124.15","40","62.85","28","345","175","+5","+0","","","","","https://static.wikia.nocookie.net/leagueoflegends/images/6/6b/Pantheon_OriginalSkin.jpg/revision/latest?cb=20210922225944"
"1707215462-73","https://leagueoflegends.fandom.com/wiki/Champion#References","","https://leagueoflegends.fandom.com/wiki/Ornn/LoL","Ornn","2017-08-23","Vanguard","Tank
 Fighter","Melee","Mana","Physical","2513","660","121.4","33","66.85","32","335","175","-10","+10","","","","","https://static.wikia.nocookie.net/leagueoflegends/images/d/df/Ornn_OriginalSkin.jpg/revision/latest?cb=20181021072714"
"1707215464-74","https://leagueoflegends.fandom.com/wiki/Champion#References","","https://leagueoflegends.fandom.com/wiki/Orianna/LoL","Orianna","2011-06-01","Burst","Mage
 Support","Ranged","Mana","Magic","2455","585","91.4","20","48.1","26","325","525","+0","+0","","","","","https://static.wikia.nocookie.net/leagueoflegends/images/a/a1/Orianna_OriginalSkin.jpg/revision/latest?cb=20181021082529"
"1707215466-75","https://leagueoflegends.fandom.com/wiki/Champion#References","","https://leagueoflegends.fandom.com/wiki/Olaf/LoL","Olaf","2010-06-09","Diver","Fighter
 Tank","Melee","Mana","Physical","2668","645","106.4","35","66.85","32","350","125","+0","+0","","","","","https://static.wikia.nocookie.net/leagueoflegends/images/f/f7/Olaf_OriginalSkin.jpg/revision/latest?cb=20181021074840"
"1707215468-76","https://leagueoflegends.fandom.com/wiki/Champion#References","","https://leagueoflegends.fandom.com/wiki/Nunu_%26_Willump/LoL","Nunu & Willump","2009-02-21","Vanguard","Tank
 Fighter","Melee","Mana","Magic","2140","610","100.4","29","66.85","32","345","125","+10","-10","+10","+20","","+20","https://static.wikia.nocookie.net/leagueoflegends/images/c/c4/Nunu_OriginalSkin.jpg/revision/latest?cb=20180814202011"
"1707215471-77","https://leagueoflegends.fandom.com/wiki/Champion#References","","https://leagueoflegends.fandom.com/wiki/Nocturne/LoL","Nocturne","2011-03-15","Assassin","Assassin
 Fighter","Melee","Mana","Physical","2508","655","117.9","38","58.35","32","345","125","+10","-15","+20","","","","https://static.wikia.nocookie.net/leagueoflegends/images/4/45/Nocturne_OriginalSkin.jpg/revision/latest?cb=20181021190815"
"1707215473-78","https://leagueoflegends.fandom.com/wiki/Champion#References","","https://leagueoflegends.fandom.com/wiki/Nilah/LoL","Nilah","2022-07-13","Skirmisher","Fighter
 Assassin","Melee","Mana","Physical","2287","570","98.4","27","66.85","32","340","225","-5","+0","+0","","","","https://static.wikia.nocookie.net/leagueoflegends/images/0/09/Nilah_OriginalSkin.jpg/revision/latest?cb=20220623023840"
"1707215475-79","https://leagueoflegends.fandom.com/wiki/Champion#References","","https://leagueoflegends.fandom.com/wiki/Nidalee/LoL","Nidalee","2009-12-17","Specialist","Assassin
 Mage","Ranged","Mana","Magic","2463","610","117","32","52.1","30","340","525","+10","+0","","","","","https://static.wikia.nocookie.net/leagueoflegends/images/3/34/Nidalee_OriginalSkin.jpg/revision/latest?cb=20181021114159"
"1707215477-80","https://leagueoflegends.fandom.com/wiki/Champion#References","","https://leagueoflegends.fandom.com/wiki/Neeko/LoL","Neeko","2018-12-05","Burst
 Catcher","Mage
 Support","Ranged","Mana","Magic","104","610","5.2","21","1.3","30","340","550","+0","+0","","","","","data:image/gif;base64,R0lGODlhAQABAIABAAAAAP///yH5BAEAAAEALAAAAAABAAEAQAICTAEAOw%3D%3D"
"1707215479-81","https://leagueoflegends.fandom.com/wiki/Champion#References","","https://leagueoflegends.fandom.com/wiki/Nautilus/LoL","Nautilus","2012-02-14","Vanguard","Tank
 Support","Melee","Mana","Magic","2346","646","123.15","39","66.85","32","325","175","-5","+10","","","","","https://static.wikia.nocookie.net/leagueoflegends/images/0/0b/Nautilus_OriginalSkin.jpg/revision/latest?cb=20181021065645"
"1707215481-82","https://leagueoflegends.fandom.com/wiki/Champion#References","","https://leagueoflegends.fandom.com/wiki/Nasus/LoL","Nasus","2009-10-01","Juggernaut","Fighter
 Tank","Melee","Mana","Physical","2399","631","113.9","34","66.85","32","350","125","-10","+10","","","","","https://static.wikia.nocookie.net/leagueoflegends/images/8/86/Nasus_OriginalSkin.jpg/revision/latest?cb=20181021060311"
"1707215484-83","https://leagueoflegends.fandom.com/wiki/Champion#References","","https://leagueoflegends.fandom.com/wiki/Nami/LoL","Nami","2012-12-07","Enchanter","Support
 Mage","Ranged","Mana","Magic","88","560","5.2","29","1.3","30","335","550","+0","+5","-5","","","","data:image/gif;base64,R0lGODlhAQABAIABAAAAAP///yH5BAEAAAEALAAAAAABAAEAQAICTAEAOw%3D%3D"
"1707215486-84","https://leagueoflegends.fandom.com/wiki/Champion#References","","https://leagueoflegends.fandom.com/wiki/Naafiri/LoL","Naafiri","2023-07-19","Assassin","Assassin
 Fighter","Melee","Mana","Physical","2675","635","109.9","30","66.85","32","340","125","+5","+5","","","","","https://static.wikia.nocookie.net/leagueoflegends/images/8/8b/Naafiri_OriginalSkin.jpg/revision/latest?cb=20230629013918"
"1707215488-85","https://leagueoflegends.fandom.com/wiki/Champion#References","","https://leagueoflegends.fandom.com/wiki/Morgana/LoL","Morgana","2009-02-21","Catcher","Mage
 Support","Ranged","Mana","Magic","2398","630","110","25","52.1","30","335","450","-10","+5","","","","","https://static.wikia.nocookie.net/leagueoflegends/images/a/a5/Morgana_OriginalSkin.jpg/revision/latest?cb=20210922213425"
"1707215490-86","https://leagueoflegends.fandom.com/wiki/Champion#References","","https://leagueoflegends.fandom.com/wiki/Mordekaiser/LoL","Mordekaiser","2010-02-24","Juggernaut","Fighter","Melee","Shield","Magic","2413","645","108.4","37","66.85","32","335","175","-5","+5","","","","","https://static.wikia.nocookie.net/leagueoflegends/images/5/57/Mordekaiser_OriginalSkin.jpg/revision/latest?cb=20190529200453"
"1707215492-87","https://leagueoflegends.fandom.com/wiki/Champion#References","","https://leagueoflegends.fandom.com/wiki/Miss_Fortune/LoL","Miss Fortune","2010-09-08","Marksman","Marksman","Ranged","Mana","Physical","2391","640","99.4","28","52.1","30","325","550","-10","+15","","","","","https://static.wikia.nocookie.net/leagueoflegends/images/9/91/Miss_Fortune_OriginalSkin.jpg/revision/latest?cb=20181021020210"
"1707215494-88","https://leagueoflegends.fandom.com/wiki/Champion#References","","https://leagueoflegends.fandom.com/wiki/Milio/LoL","Milio","2023-03-23","Enchanter","Support
 Mage","Ranged","Mana","Magic","88","560","4.6","26","1.3","30","330","525","+0","+0","-5","-10","","","data:image/gif;base64,R0lGODlhAQABAIABAAAAAP///yH5BAEAAAEALAAAAAABAAEAQAICTAEAOw%3D%3D"
"1707215496-89","https://leagueoflegends.fandom.com/wiki/Champion#References","","https://leagueoflegends.fandom.com/wiki/Master_Yi/LoL","Master Yi","2009-02-21","Skirmisher","Assassin
 Fighter","Melee","Mana","Physical","2369","669","104.4","33","66.85","32","355","175","+0","-3","","","","","https://static.wikia.nocookie.net/leagueoflegends/images/0/09/Master_Yi_OriginalSkin.jpg/revision/latest?cb=20181021054630"
"1707215498-90","https://leagueoflegends.fandom.com/wiki/Champion#References","","https://leagueoflegends.fandom.com/wiki/Maokai/LoL","Maokai","2011-02-16","Vanguard","Tank
 Mage","Melee","Mana","Magic","2488","635","127.4","39","66.85","32","335","125","-20","+10","-20","","","","https://static.wikia.nocookie.net/leagueoflegends/images/0/02/Maokai_OriginalSkin.jpg/revision/latest?cb=20181021095415"
"1707215501-91","https://leagueoflegends.fandom.com/wiki/Champion#References","","https://leagueoflegends.fandom.com/wiki/Malzahar/LoL","Malzahar","2010-06-01","Battlemage","Mage
 Assassin","Ranged","Mana","Magic","2297","580","97.9","18","52.1","30","335","500","-10","+10","","","","","https://static.wikia.nocookie.net/leagueoflegends/images/3/3e/Malzahar_OriginalSkin.jpg/revision/latest?cb=20181021025847"
"1707215503-92","https://leagueoflegends.fandom.com/wiki/Champion#References","","https://leagueoflegends.fandom.com/wiki/Malphite/LoL","Malphite","2009-09-02","Vanguard","Tank
 Fighter","Melee","Mana","Magic","2412","644","121.15","37","62.85","28","335","125","+0","+0","","","","","https://static.wikia.nocookie.net/leagueoflegends/images/b/bc/Malphite_OriginalSkin.jpg/revision/latest?cb=20181021050321"
"1707215505-93","https://leagueoflegends.fandom.com/wiki/Champion#References","","https://leagueoflegends.fandom.com/wiki/Lux/LoL","Lux","2010-10-19","Burst
 Artillery","Mage
 Support","Ranged","Mana","Magic","2263","580","109.4","21","52.1","30","330","550","-15","+10","","-20","","","https://static.wikia.nocookie.net/leagueoflegends/images/4/44/Lux_OriginalSkin.jpg/revision/latest?cb=20181021045718"
"1707215507-94","https://leagueoflegends.fandom.com/wiki/Champion#References","","https://leagueoflegends.fandom.com/wiki/Lulu/LoL","Lulu","2012-03-20","Enchanter","Support
 Mage","Ranged","Mana","Magic","2159","595","109.3","26","52.1","30","330","550","+5","+0","","+10","","","https://static.wikia.nocookie.net/leagueoflegends/images/2/25/Lulu_OriginalSkin.jpg/revision/latest?cb=20181021040348"
"1707215509-95","https://leagueoflegends.fandom.com/wiki/Champion#References","","https://leagueoflegends.fandom.com/wiki/Lucian/LoL","Lucian","2013-08-22","Marksman","Marksman","Ranged","Mana","Physical","2341","641","99.4","28","52.1","30","335","500","+5","-5","","","+10","+20","https://static.wikia.nocookie.net/leagueoflegends/images/1/1f/Lucian_OriginalSkin.jpg/revision/latest?cb=20181021041635"
"1707215512-96","https://leagueoflegends.fandom.com/wiki/Champion#References","","https://leagueoflegends.fandom.com/wiki/Lissandra/LoL","Lissandra","2013-04-30","Burst","Mage","Ranged","Mana","Magic","2490","620","105.3","22","52.1","30","325","550","-10","+5","","","","","https://static.wikia.nocookie.net/leagueoflegends/images/b/b3/Lissandra_OriginalSkin.jpg/revision/latest?cb=20181021094047"
"1707215514-97","https://leagueoflegends.fandom.com/wiki/Champion#References","","https://leagueoflegends.fandom.com/wiki/Lillia/LoL","Lillia","2020-07-22","Skirmisher","Fighter
 Mage","Melee","Mana","Magic","2390","605","110.4","22","58.35","32","330","325","-10","+5","","","","","https://static.wikia.nocookie.net/leagueoflegends/images/0/09/Lillia_OriginalSkin.jpg/revision/latest?cb=20200707201452"
"1707215516-98","https://leagueoflegends.fandom.com/wiki/Champion#References","","https://leagueoflegends.fandom.com/wiki/Leona/LoL","Leona","2011-07-13","Vanguard","Tank
 Support","Melee","Mana","Physical","2363","646","128.6","47","66.85","32","335","125","-10","+5","","","","","https://static.wikia.nocookie.net/leagueoflegends/images/3/3e/Leona_OriginalSkin.jpg/revision/latest?cb=20181021041840"
"1707215518-99","https://leagueoflegends.fandom.com/wiki/Champion#References","","https://leagueoflegends.fandom.com/wiki/Lee_Sin/LoL","Lee Sin","2011-04-01","Diver","Fighter
 Assassin","Melee","Energy","Physical","2430","645","119.3","36","66.85","32","345","125","+5","-5","+20","+20","","","https://static.wikia.nocookie.net/leagueoflegends/images/1/1b/Lee_Sin_OriginalSkin.jpg/revision/latest?cb=20181021104539"
"1707215520-100","https://leagueoflegends.fandom.com/wiki/Champion#References","","https://leagueoflegends.fandom.com/wiki/LeBlanc/LoL","LeBlanc","2010-11-02","Burst","Assassin
 Mage","Ranged","Mana","Magic","2485","598","101.9","22","52.1","30","340","525","+5","-10","","","+20","+20","https://static.wikia.nocookie.net/leagueoflegends/images/6/63/LeBlanc_OriginalSkin.jpg/revision/latest?cb=20181021094721"
"1707215522-101","https://leagueoflegends.fandom.com/wiki/Champion#References","","https://leagueoflegends.fandom.com/wiki/Kog%27Maw/LoL","Kog'Maw","2010-06-24","Marksman","Marksman
 Mage","Ranged","Mana","Physical","2318","635","99.65","24","52.1","30","330","500","-12","+10","","","","","https://static.wikia.nocookie.net/leagueoflegends/images/1/19/Kog%27Maw_OriginalSkin.jpg/revision/latest?cb=20181021103708"
"1707215524-102","https://leagueoflegends.fandom.com/wiki/Champion#References","","https://leagueoflegends.fandom.com/wiki/Kled/LoL","Kled & Skaarl","2016-08-10","Skirmisher","Fighter
 Tank","Melee","Courage","Physical","3388","810","123.4","35","62.85","28","345","125","+5","-10","","","","","https://static.wikia.nocookie.net/leagueoflegends/images/1/1e/Kled_OriginalSkin.jpg/revision/latest?cb=20181021093834"
"1707215526-103","https://leagueoflegends.fandom.com/wiki/Champion#References","","https://leagueoflegends.fandom.com/wiki/Kindred/LoL","Kindred","2015-10-14","Marksman","Marksman","Ranged","Mana","Physical","2378","610","108.9","29","52.1","30","325","500","+10","-10","","","","","https://static.wikia.nocookie.net/leagueoflegends/images/a/a6/Kindred_OriginalSkin.jpg/revision/latest?cb=20181021191912"
"1707215528-104","https://leagueoflegends.fandom.com/wiki/Champion#References","","https://leagueoflegends.fandom.com/wiki/Kha%27Zix/LoL","Kha'Zix","2012-09-27","Assassin","Assassin","Melee","Mana","Physical","2326","643","107.4","36","66.85","32","350","125","+5","-10","+20","","","+20","https://static.wikia.nocookie.net/leagueoflegends/images/a/a2/Kha%27Zix_OriginalSkin.jpg/revision/latest?cb=20181021093941"
"1707215530-105","https://leagueoflegends.fandom.com/wiki/Champion#References","","https://leagueoflegends.fandom.com/wiki/Kennen/LoL","Kennen","2010-04-08","Specialist","Mage
 Marksman","Ranged","Energy","Magic","2277","611","113.15","29","52.1","30","335","550","+5","+0","","","","","https://static.wikia.nocookie.net/leagueoflegends/images/1/10/Kennen_OriginalSkin.jpg/revision/latest?cb=20181021081847"
"1707215532-106","https://leagueoflegends.fandom.com/wiki/Champion#References","","https://leagueoflegends.fandom.com/wiki/Kayn/LoL","Kayn","2017-07-12","Skirmisher","Fighter
 Assassin","Melee","Mana","Physical","2508","655","114.5","38","66.85","32","340","175","+0","+0","-20","","","+20","https://static.wikia.nocookie.net/leagueoflegends/images/1/1a/Kayn_OriginalSkin.jpg/revision/latest?cb=20181021200737"
"1707215535-107","https://leagueoflegends.fandom.com/wiki/Champion#References","","https://leagueoflegends.fandom.com/wiki/Kayle/LoL","Kayle","2009-02-21","Specialist","Fighter
 Support","Melee","Mana","Physical","2234","670","97.4","26","44.1","22","335","175","-5","+10","","","","","https://static.wikia.nocookie.net/leagueoflegends/images/7/7f/Kayle_OriginalSkin.jpg/revision/latest?cb=20210611192033"
"1707215537-108","https://leagueoflegends.fandom.com/wiki/Champion#References","","https://leagueoflegends.fandom.com/wiki/Katarina/LoL","Katarina","2009-09-19","Assassin","Assassin
 Mage","Melee","Manaless","Magic","2508","672","107.9","28","66.85","32","335","125","+0","+0","","","+10","+20","https://static.wikia.nocookie.net/leagueoflegends/images/9/97/Katarina_OriginalSkin.jpg/revision/latest?cb=20181021021026"
"1707215539-109","https://leagueoflegends.fandom.com/wiki/Champion#References","","https://leagueoflegends.fandom.com/wiki/Kassadin/LoL","Kassadin","2009-08-07","Assassin","Assassin
 Mage","Melee","Mana","Magic","2669","646","87","19","52.1","30","335","150","+0","-5","","","","","https://static.wikia.nocookie.net/leagueoflegends/images/7/7d/Kassadin_OriginalSkin.jpg/revision/latest?cb=20220318161717"
"1707215541-110","https://leagueoflegends.fandom.com/wiki/Champion#References","","https://leagueoflegends.fandom.com/wiki/Karthus/LoL","Karthus","2009-06-12","Battlemage","Mage","Ranged","Mana","Magic","2490","620","100.9","21","52.1","30","335","450","-10","+5","","","","","https://static.wikia.nocookie.net/leagueoflegends/images/c/c9/Karthus_OriginalSkin.jpg/revision/latest?cb=20181021122149"
"1707215543-111","https://leagueoflegends.fandom.com/wiki/Champion#References","","https://leagueoflegends.fandom.com/wiki/Karma/LoL","Karma","2011-02-01","Burst
 Enchanter","Mage
 Support","Ranged","Mana","Magic","2483","630","113","28","52.1","30","335","525","+5","+0","","+10","","","https://static.wikia.nocookie.net/leagueoflegends/images/5/50/Karma_OriginalSkin.jpg/revision/latest?cb=20181021043801"
"1707215545-112","https://leagueoflegends.fandom.com/wiki/Champion#References","","https://leagueoflegends.fandom.com/wiki/Kalista/LoL","Kalista","2014-11-20","Marksman","Marksman","Ranged","Mana","Physical","2538","600","112.4","24","52.1","30","330","525","+10","-10","","","","","https://static.wikia.nocookie.net/leagueoflegends/images/1/18/Kalista_OriginalSkin.jpg/revision/latest?cb=20181021110056"
"1707215547-113","https://leagueoflegends.fandom.com/wiki/Champion#References","","https://leagueoflegends.fandom.com/wiki/Kai%27Sa/LoL","Kai'Sa","2018-03-07","Marksman","Marksman","Ranged","Mana","Magic","2374","640","96.4","25","52.1","30","335","525","+0","-5","","","","","https://static.wikia.nocookie.net/leagueoflegends/images/6/65/Kai%27Sa_OriginalSkin.jpg/revision/latest?cb=20181021044153"
"1707215549-114","https://leagueoflegends.fandom.com/wiki/Champion#References","","https://leagueoflegends.fandom.com/wiki/K%27Sante/LoL","K'Sante","2022-11-02","Warden
 Skirmisher","Tank
 Fighter","Melee","Mana","Physical","2525","570","121.4","33","65.7","30","330","175","+0","+0","","","","","https://static.wikia.nocookie.net/leagueoflegends/images/a/a4/K%27Sante_OriginalSkin.jpg/revision/latest?cb=20221020203625"
"1707215551-115","https://leagueoflegends.fandom.com/wiki/Champion#References","","https://leagueoflegends.fandom.com/wiki/Jinx/LoL","Jinx","2013-10-10","Marksman","Marksman","Ranged","Mana","Physical","2415","630","105.9","26","52.1","30","325","525","-10","+5","","","","","https://static.wikia.nocookie.net/leagueoflegends/images/2/21/Jinx_OriginalSkin.jpg/revision/latest?cb=20181021081757"
"1707215554-116","https://leagueoflegends.fandom.com/wiki/Champion#References","","https://leagueoflegends.fandom.com/wiki/Jhin/LoL","Jhin","2016-02-01","Marksman
 Catcher","Marksman
 Mage","Ranged","Mana","Physical","2474","655","103.9","24","52.1","30","330","550","-10","+5","","","","","https://static.wikia.nocookie.net/leagueoflegends/images/5/52/Jhin_OriginalSkin.jpg/revision/latest?cb=20181021095701"
"1707215557-117","https://leagueoflegends.fandom.com/wiki/Champion#References","","https://leagueoflegends.fandom.com/wiki/Jayce/LoL","Jayce","2012-07-07","Artillery","Fighter
 Marksman","Melee","Mana","Physical","2443","590","107","22","52.1","30","335","125","+0","+0","","","","","https://static.wikia.nocookie.net/leagueoflegends/images/8/89/Jayce_OriginalSkin.jpg/revision/latest?cb=20181021121203"
"1707215559-118","https://leagueoflegends.fandom.com/wiki/Champion#References","","https://leagueoflegends.fandom.com/wiki/Jax/LoL","Jax","2009-02-21","Skirmisher","Fighter
 Assassin","Melee","Mana","Physical","2365","665","107.4","36","66.85","32","350","125","+5","-3","","","","","https://static.wikia.nocookie.net/leagueoflegends/images/2/2d/Jax_OriginalSkin.jpg/revision/latest?cb=20230926205445"
"1707215561-119","https://leagueoflegends.fandom.com/wiki/Champion#References","","https://leagueoflegends.fandom.com/wiki/Jarvan_IV/LoL","Jarvan IV","2011-03-01","Diver","Tank
 Fighter","Melee","Mana","Physical","2408","640","117.6","36","66.85","32","340","175","+0","-5","","","","","https://static.wikia.nocookie.net/leagueoflegends/images/3/36/Jarvan_IV_OriginalSkin.jpg/revision/latest?cb=20181021035800"
"1707215564-120","https://leagueoflegends.fandom.com/wiki/Champion#References","","https://leagueoflegends.fandom.com/wiki/Janna/LoL","Janna","2009-09-02","Enchanter","Support
 Mage","Ranged","Mana","Magic","2100","570","104.5","28","52.1","30","325","550","-5","+5","-10","-10","","","https://static.wikia.nocookie.net/leagueoflegends/images/c/c9/Janna_OriginalSkin.jpg/revision/latest?cb=20181021093624"
"1707215566-121","https://leagueoflegends.fandom.com/wiki/Champion#References","","https://leagueoflegends.fandom.com/wiki/Ivern/LoL","Ivern","2016-10-05","Catcher","Support
 Mage","Ranged","Mana","Magic","2313","630","106.9","27","52.1","30","330","475","-10","+0","","-20","","","https://static.wikia.nocookie.net/leagueoflegends/images/7/77/Ivern_OriginalSkin.jpg/revision/latest?cb=20181021094548"
"1707215568-122","https://leagueoflegends.fandom.com/wiki/Champion#References","","https://leagueoflegends.fandom.com/wiki/Irelia/LoL","Irelia","2010-11-16","Diver","Fighter
 Assassin","Melee","Mana","Physical","2698","590","115.9","36","64.85","30","335","200","+0","+0","","","+20","","https://static.wikia.nocookie.net/leagueoflegends/images/6/69/Irelia_OriginalSkin.jpg/revision/latest?cb=20181021045158"
"1707215571-123","https://leagueoflegends.fandom.com/wiki/Champion#References","","https://leagueoflegends.fandom.com/wiki/Illaoi/LoL","Illaoi","2015-11-24","Juggernaut","Fighter
 Tank","Melee","Mana","Physical","2611","656","120","35","66.85","32","350","125","-5","+5","","","","","https://static.wikia.nocookie.net/leagueoflegends/images/0/0b/Illaoi_OriginalSkin.jpg/revision/latest?cb=20181021053828"
"1707215573-124","https://leagueoflegends.fandom.com/wiki/Champion#References","","https://leagueoflegends.fandom.com/wiki/Hwei/LoL","Hwei","2023-12-05","Artillery","Mage","Ranged","Mana","Magic","109","580","4.7","21","1.3","30","330","550","+0","+0","","","","","data:image/gif;base64,R0lGODlhAQABAIABAAAAAP///yH5BAEAAAEALAAAAAABAAEAQAICTAEAOw%3D%3D"
"1707215575-125","https://leagueoflegends.fandom.com/wiki/Champion#References","","https://leagueoflegends.fandom.com/wiki/Heimerdinger/LoL","Heimerdinger","2009-10-10","Specialist","Mage
 Support","Ranged","Mana","Magic","2275","558","90.4","19","52.1","30","340","550","-10","+10","","","","","https://static.wikia.nocookie.net/leagueoflegends/images/a/aa/Heimerdinger_OriginalSkin.jpg/revision/latest?cb=20181021043654"
"1707215577-126","https://leagueoflegends.fandom.com/wiki/Champion#References","","https://leagueoflegends.fandom.com/wiki/Hecarim/LoL","Hecarim","2012-04-18","Diver","Fighter
 Tank","Melee","Mana","Physical","2308","625","124.65","32","66.85","32","345","175","+5","-10","+20","","+10","","https://static.wikia.nocookie.net/leagueoflegends/images/6/61/Hecarim_OriginalSkin.jpg/revision/latest?cb=20230310221834"
"1707215579-127","https://leagueoflegends.fandom.com/wiki/Champion#References","","https://leagueoflegends.fandom.com/wiki/Gwen/LoL","Gwen","2021-04-15","Skirmisher","Fighter
 Assassin","Melee","Mana","Magic","2575","620","127.4","39","66.85","32","340","150","+0","+0","","","","","https://static.wikia.nocookie.net/leagueoflegends/images/4/49/Gwen_OriginalSkin.jpg/revision/latest?cb=20210923014607"
"1707215581-128","https://leagueoflegends.fandom.com/wiki/Champion#References","","https://leagueoflegends.fandom.com/wiki/Graves/LoL","Graves","2011-10-19","Specialist","Marksman","Ranged","Mana","Physical","2427","625","111.2","33","66.85","32","340","425","+0","+0","","","","","https://static.wikia.nocookie.net/leagueoflegends/images/9/9b/Graves_OriginalSkin.jpg/revision/latest?cb=20181021070930"
"1707215583-129","https://leagueoflegends.fandom.com/wiki/Champion#References","","https://leagueoflegends.fandom.com/wiki/Gragas/LoL","Gragas","2010-02-02","Vanguard","Fighter
 Mage","Melee","Mana","Magic","2625","670","123","38","66.85","32","330","125","+5","-5","","","","","https://static.wikia.nocookie.net/leagueoflegends/images/b/b8/Gragas_OriginalSkin.jpg/revision/latest?cb=20181021114037"
"1707215585-130","https://leagueoflegends.fandom.com/wiki/Champion#References","","https://leagueoflegends.fandom.com/wiki/Gnar/LoL","Gnar","2014-08-14","Specialist","Fighter
 Tank","Ranged","Rage","Physical","1883","540","94.9","32","52.1","30","335","400","+5","-5","","","","","https://static.wikia.nocookie.net/leagueoflegends/images/9/9a/Gnar_OriginalSkin.jpg/revision/latest?cb=20181021102321"
"1707215587-131","https://leagueoflegends.fandom.com/wiki/Champion#References","","https://leagueoflegends.fandom.com/wiki/Garen/LoL","Garen","2010-04-27","Juggernaut","Fighter
 Tank","Melee","Manaless","Physical","2356","690","109.4","38","58.35","32","340","175","+0","-5","","","","","https://static.wikia.nocookie.net/leagueoflegends/images/6/6d/Garen_OriginalSkin.jpg/revision/latest?cb=20181021041018"
"1707215589-132","https://leagueoflegends.fandom.com/wiki/Champion#References","","https://leagueoflegends.fandom.com/wiki/Gangplank/LoL","Gangplank","2009-08-19","Specialist","Fighter","Melee","Mana","Physical","2538","600","102.4","31","66.85","32","345","125","+0","+0","","","","","https://static.wikia.nocookie.net/leagueoflegends/images/8/80/Gangplank_OriginalSkin.jpg/revision/latest?cb=20181021045959"
"1707215591-133","https://leagueoflegends.fandom.com/wiki/Champion#References","","https://leagueoflegends.fandom.com/wiki/Galio/LoL","Galio","2010-08-10","Warden","Tank
 Mage","Melee","Mana","Magic","2774","632","103.9","24","66.85","32","335","150","-10","+10","","","","","https://static.wikia.nocookie.net/leagueoflegends/images/d/d3/Galio_OriginalSkin.jpg/revision/latest?cb=20181021043248"
"1707215594-134","https://leagueoflegends.fandom.com/wiki/Champion#References","","https://leagueoflegends.fandom.com/wiki/Fizz/LoL","Fizz","2011-11-15","Assassin","Assassin
 Fighter","Melee","Mana","Magic","2442","640","100.2","22","66.85","32","335","175","+5","-5","","","","+20","https://static.wikia.nocookie.net/leagueoflegends/images/5/55/Fizz_OriginalSkin.jpg/revision/latest?cb=20181021073841"
"1707215596-135","https://leagueoflegends.fandom.com/wiki/Champion#References","","https://leagueoflegends.fandom.com/wiki/Fiora/LoL","Fiora","2012-02-29","Skirmisher","Fighter
 Assassin","Melee","Mana","Physical","2303","620","112.9","33","66.85","32","345","150","+0","-5","","","","","https://static.wikia.nocookie.net/leagueoflegends/images/8/8f/Fiora_OriginalSkin.jpg/revision/latest?cb=20181021072310"
"1707215598-136","https://leagueoflegends.fandom.com/wiki/Champion#References","","https://leagueoflegends.fandom.com/wiki/Fiddlesticks/LoL","Fiddlesticks","2009-02-21","Specialist","Mage
 Support","Ranged","Mana","Magic","2452","650","113.9","34","52.1","30","335","480","-5","+5","","","","","https://static.wikia.nocookie.net/leagueoflegends/images/7/72/Fiddlesticks_OriginalSkin.jpg/revision/latest?cb=20210611190454"
"1707215600-137","https://leagueoflegends.fandom.com/wiki/Champion#References","","https://leagueoflegends.fandom.com/wiki/Ezreal/LoL","Ezreal","2010-03-16","Marksman","Marksman
 Mage","Ranged","Mana","Physical","2334","600","103.9","24","52.1","30","325","550","-5","+0","","","","","https://static.wikia.nocookie.net/leagueoflegends/images/2/25/Ezreal_OriginalSkin.jpg/revision/latest?cb=20180925192611"
"1707215602-138","https://leagueoflegends.fandom.com/wiki/Champion#References","","https://leagueoflegends.fandom.com/wiki/Evelynn/LoL","Evelynn","2009-05-01","Assassin","Assassin
 Mage","Melee","Mana","Magic","2308","642","116.9","37","66.85","32","335","125","+10","-10","","","","+20","https://static.wikia.nocookie.net/leagueoflegends/images/a/a2/Evelynn_OriginalSkin.jpg/revision/latest?cb=20181021094308"
"1707215604-139","https://leagueoflegends.fandom.com/wiki/Champion#References","","https://leagueoflegends.fandom.com/wiki/Elise/LoL","Elise","2012-10-26","Diver","Mage
 Fighter","Ranged","Mana","Magic","2503","650","118.4","30","52.1","30","330","550","+5","-10","","","","+20","https://static.wikia.nocookie.net/leagueoflegends/images/6/60/Elise_OriginalSkin.jpg/revision/latest?cb=20181021094810"
"1707215606-140","https://leagueoflegends.fandom.com/wiki/Champion#References","","https://leagueoflegends.fandom.com/wiki/Ekko/LoL","Ekko","2015-05-29","Assassin","Assassin
 Fighter","Melee","Mana","Magic","2338","655","103.4","32","66.85","32","340","125","+10","+0","","","","+20","https://static.wikia.nocookie.net/leagueoflegends/images/a/a7/Ekko_OriginalSkin.jpg/revision/latest?cb=20181021110536"
"1707215608-141","https://leagueoflegends.fandom.com/wiki/Champion#References","","https://leagueoflegends.fandom.com/wiki/Draven/LoL","Draven","2012-06-06","Marksman","Marksman","Ranged","Mana","Physical","2443","675","105.5","29","52.1","30","330","550","+5","-5","","","","","https://static.wikia.nocookie.net/leagueoflegends/images/8/82/Draven_OriginalSkin.jpg/revision/latest?cb=20181021105629"
"1707215610-142","https://leagueoflegends.fandom.com/wiki/Champion#References","","https://leagueoflegends.fandom.com/wiki/Dr._Mundo/LoL","Dr. Mundo","2009-09-02","Juggernaut","Fighter
 Tank","Melee","Health costs","Physical","2364","613","94.9","32","68.1","29","345","125","-10","+10","-10","","","","https://static.wikia.nocookie.net/leagueoflegends/images/5/50/Dr._Mundo_OriginalSkin.jpg/revision/latest?cb=20210525191818"
"1707215613-143","https://leagueoflegends.fandom.com/wiki/Champion#References","","https://leagueoflegends.fandom.com/wiki/Diana/LoL","Diana","2012-08-07","Assassin
 Diver","Fighter
 Mage","Melee","Mana","Magic","2493","640","104.1","31","66.85","32","345","150","+0","+0","","","","","https://static.wikia.nocookie.net/leagueoflegends/images/7/79/Diana_OriginalSkin.jpg/revision/latest?cb=20181021043539"
"1707215615-144","https://leagueoflegends.fandom.com/wiki/Champion#References","","https://leagueoflegends.fandom.com/wiki/Darius/LoL","Darius","2012-05-23","Juggernaut","Fighter
 Tank","Melee","Mana","Physical","2590","652","127.4","39","66.85","32","340","175","+5","+0","","","","","https://static.wikia.nocookie.net/leagueoflegends/images/1/18/Darius_OriginalSkin.jpg/revision/latest?cb=20181021074227"
"1707215617-145","https://leagueoflegends.fandom.com/wiki/Champion#References","","https://leagueoflegends.fandom.com/wiki/Corki/LoL","Corki","2009-09-19","Marksman","Marksman","Ranged","Mana","Physical","2361","610","107.9","28","52.1","30","325","550","+0","-10","","","+10","","https://static.wikia.nocookie.net/leagueoflegends/images/c/c3/Corki_OriginalSkin.jpg/revision/latest?cb=20181021103609"
"1707215619-146","https://leagueoflegends.fandom.com/wiki/Champion#References","","https://leagueoflegends.fandom.com/wiki/Cho%27Gath/LoL","Cho'Gath","2009-06-26","Specialist","Tank
 Mage","Melee","Mana","Magic","2242","644","123","38","66.85","32","345","125","+0","+5","","","","","https://static.wikia.nocookie.net/leagueoflegends/images/d/d8/Cho%27Gath_OriginalSkin.jpg/revision/latest?cb=20181021091106"
"1707215622-147","https://leagueoflegends.fandom.com/wiki/Champion#References","","https://leagueoflegends.fandom.com/wiki/Cassiopeia/LoL","Cassiopeia","2010-12-14","Battlemage","Mage","Ranged","Mana","Magic","2398","630","97.9","18","54.1","32","328","550","+0","+0","","","","","https://static.wikia.nocookie.net/leagueoflegends/images/d/df/Cassiopeia_OriginalSkin.jpg/revision/latest?cb=20181021090944"
"1707215624-148","https://leagueoflegends.fandom.com/wiki/Champion#References","","https://leagueoflegends.fandom.com/wiki/Camille/LoL","Camille","2016-12-07","Diver","Fighter
 Tank","Melee","Mana","Physical","2353","670","120","35","66.85","32","340","125","+5","-5","+20","+10","","","https://static.wikia.nocookie.net/leagueoflegends/images/3/32/Camille_OriginalSkin.jpg/revision/latest?cb=20181021102016"
"1707215626-149","https://leagueoflegends.fandom.com/wiki/Champion#References","","https://leagueoflegends.fandom.com/wiki/Caitlyn/LoL","Caitlyn","2011-01-04","Marksman","Marksman","Ranged","Mana","Physical","2399","580","106.9","27","52.1","30","325","650","+0","+5","","","","","https://static.wikia.nocookie.net/leagueoflegends/images/7/7b/Caitlyn_OriginalSkin.jpg/revision/latest?cb=20211110221914"
"1707215628-150","https://leagueoflegends.fandom.com/wiki/Champion#References","","https://leagueoflegends.fandom.com/wiki/Briar/LoL","Briar","2023-09-14","Diver","Fighter
 Assassin","Melee","Health costs","Physical","2290","590","101.4","30","66.85","32","340","125","+5","-5","+20","","","","https://static.wikia.nocookie.net/leagueoflegends/images/2/2f/Briar_OriginalSkin.jpg/revision/latest?cb=20230831160805"
"1707215630-151","https://leagueoflegends.fandom.com/wiki/Champion#References","","https://leagueoflegends.fandom.com/wiki/Braum/LoL","Braum","2014-05-12","Warden","Support
 Tank","Melee","Mana","Magic","2514","610","135.4","47","66.85","32","335","125","+0","+0","","","","","https://static.wikia.nocookie.net/leagueoflegends/images/0/06/Braum_OriginalSkin.jpg/revision/latest?cb=20181021064035"
"1707215632-152","https://leagueoflegends.fandom.com/wiki/Champion#References","","https://leagueoflegends.fandom.com/wiki/Brand/LoL","Brand","2011-04-12","Burst","Mage","Ranged","Mana","Magic","2355","570","98.4","27","52.1","30","340","550","-5","+10","","","-10","","https://static.wikia.nocookie.net/leagueoflegends/images/5/5c/Brand_OriginalSkin.jpg/revision/latest?cb=20181021045242"
"1707215634-153","https://leagueoflegends.fandom.com/wiki/Champion#References","","https://leagueoflegends.fandom.com/wiki/Blitzcrank/LoL","Blitzcrank","2009-09-02","Catcher","Tank
 Fighter","Melee","Mana","Magic","2503","650","116.9","37","66.85","32","325","125","+0","+0","","","","","https://static.wikia.nocookie.net/leagueoflegends/images/d/dc/Blitzcrank_OriginalSkin.jpg/revision/latest?cb=20181021025457"
"1707215637-154","https://leagueoflegends.fandom.com/wiki/Champion#References","","https://leagueoflegends.fandom.com/wiki/Bel%27Veth/LoL","Bel'Veth","2022-06-09","Skirmisher","Fighter","Melee","Manaless","Physical","2293","610","111.9","32","66.85","32","340","175","+5","+0","","","","","https://static.wikia.nocookie.net/leagueoflegends/images/8/8b/Bel%27Veth_OriginalSkin.jpg/revision/latest?cb=20220524235323"
"1707215639-155","https://leagueoflegends.fandom.com/wiki/Champion#References","","https://leagueoflegends.fandom.com/wiki/Bard/LoL","Bard","2015-03-12","Catcher","Support
 Mage","Ranged","Mana","Magic","2381","630","122.4","34","52.1","30","330","500","+15","-15","+20","","","","https://static.wikia.nocookie.net/leagueoflegends/images/b/b5/Bard_OriginalSkin.jpg/revision/latest?cb=20181021095528"
"1707215641-156","https://leagueoflegends.fandom.com/wiki/Champion#References","","https://leagueoflegends.fandom.com/wiki/Azir/LoL","Azir","2014-09-16","Specialist","Mage
 Marksman","Ranged","Mana","Magic","2573","550","107","22","52.1","30","335","525","+0","-5","","","+20","","https://static.wikia.nocookie.net/leagueoflegends/images/e/e2/Azir_OriginalSkin.jpg/revision/latest?cb=20181021040839"
"1707215643-157","https://leagueoflegends.fandom.com/wiki/Champion#References","","https://leagueoflegends.fandom.com/wiki/Aurelion_Sol/LoL","Aurelion Sol","2016-03-24","Battlemage","Mage","Ranged","Mana","Magic","2150","620","90","22","52.1","30","335","550","+0","+0","","","","","https://static.wikia.nocookie.net/leagueoflegends/images/0/05/Aurelion_Sol_OriginalSkin.jpg/revision/latest?cb=20181021061452"
"1707215645-158","https://leagueoflegends.fandom.com/wiki/Champion#References","","https://leagueoflegends.fandom.com/wiki/Ashe/LoL","Ashe","2009-02-21","Marksman","Marksman
 Support","Ranged","Mana","Physical","2357","640","104.2","26","52.1","30","325","600","+0","+0","","","","","https://static.wikia.nocookie.net/leagueoflegends/images/c/c0/Ashe_OriginalSkin.jpg/revision/latest?cb=20181021092804"
"1707215647-159","https://leagueoflegends.fandom.com/wiki/Champion#References","","https://leagueoflegends.fandom.com/wiki/Aphelios/LoL","Aphelios","2019-12-11","Marksman","Marksman","Ranged","Mana","Physical","2314","580","97.4","26","52.1","30","325","550","+0","-5","","","","","https://static.wikia.nocookie.net/leagueoflegends/images/d/d1/Aphelios_OriginalSkin.jpg/revision/latest?cb=20210923013714"
"1707215649-160","https://leagueoflegends.fandom.com/wiki/Champion#References","","https://leagueoflegends.fandom.com/wiki/Annie/LoL","Annie","2009-02-21","Burst","Mage","Ranged","Mana","Magic","2294","560","98.9","19","52.1","30","335","625","-5","+5","","-20","","","https://static.wikia.nocookie.net/leagueoflegends/images/8/8a/Annie_OriginalSkin.jpg/revision/latest?cb=20181021052608"
"1707215651-161","https://leagueoflegends.fandom.com/wiki/Champion#References","","https://leagueoflegends.fandom.com/wiki/Anivia/LoL","Anivia","2009-07-10","Battlemage","Mage
 Support","Ranged","Mana","Magic","2114","550","104.3","21","52.1","30","325","600","+5","-5","","","","","https://static.wikia.nocookie.net/leagueoflegends/images/3/3b/Anivia_OriginalSkin.jpg/revision/latest?cb=20181021033654"
"1707215653-162","https://leagueoflegends.fandom.com/wiki/Champion#References","","https://leagueoflegends.fandom.com/wiki/Amumu/LoL","Amumu","2009-06-26","Vanguard","Tank
 Mage","Melee","Mana","Magic","2283","685","98","30","66.85","32","335","125","+0","+0","","","","","https://static.wikia.nocookie.net/leagueoflegends/images/3/33/Amumu_OriginalSkin.jpg/revision/latest?cb=20181021095204"
"1707215656-163","https://leagueoflegends.fandom.com/wiki/Champion#References","","https://leagueoflegends.fandom.com/wiki/Alistar/LoL","Alistar","2009-02-21","Vanguard","Tank
 Support","Melee","Mana","Magic","2725","685","126.9","47","66.85","32","330","125","-5","+10","-20","","","","https://static.wikia.nocookie.net/leagueoflegends/images/5/54/Alistar_OriginalSkin.jpg/revision/latest?cb=20181021083619"
"1707215658-164","https://leagueoflegends.fandom.com/wiki/Champion#References","","https://leagueoflegends.fandom.com/wiki/Akshan/LoL","Akshan","2021-07-22","Marksman
 Assassin","Marksman
 Assassin","Ranged","Mana","Physical","2449","630","105.9","26","52.1","30","330","500","+5","-5","","","","","https://static.wikia.nocookie.net/leagueoflegends/images/3/3b/Akshan_OriginalSkin.jpg/revision/latest?cb=20210707203129"
"1707215660-165","https://leagueoflegends.fandom.com/wiki/Champion#References","","https://leagueoflegends.fandom.com/wiki/Akali/LoL","Akali","2010-05-11","Assassin","Assassin","Melee","Energy","Physical","2593","570","102.9","23","71.85","37","345","125","+5","-10","","","","+20","https://static.wikia.nocookie.net/leagueoflegends/images/f/f7/Akali_OriginalSkin.jpg/revision/latest?cb=20180717205227"
"1707215662-166","https://leagueoflegends.fandom.com/wiki/Champion#References","","https://leagueoflegends.fandom.com/wiki/Ahri/LoL","Ahri","2011-12-14","Burst","Mage
 Assassin","Ranged","Mana","Magic","2222","590","100.9","21","52.1","30","330","550","+0","+0","","","","","https://static.wikia.nocookie.net/leagueoflegends/images/3/33/Ahri_OriginalSkin.jpg/revision/latest?cb=20230201164741"
"1707215664-167","https://leagueoflegends.fandom.com/wiki/Champion#References","","https://leagueoflegends.fandom.com/wiki/Aatrox/LoL","Aatrox","2013-06-13","Juggernaut","Fighter
 Tank","Melee","Manaless ( Blood Well)","Physical","2588","650","113.65","38","66.85","32","345","175","+5","+0","","","","+20","https://static.wikia.nocookie.net/leagueoflegends/images/9/92/Aatrox_OriginalSkin.jpg/revision/latest?cb=20181021120902"
